IP Address,Port,Code,Country,Anonymity,Google,Https,Last Checked
185.165.46.208,3128,TR,Turkey,elite proxy,no,yes,1 sec ago
140.238.245.116,8100,IN,India,anonymous,no,yes,1 sec ago
189.240.60.164,9090,MX,Mexico,anonymous,,yes,1 sec ago
35.185.196.38,3128,US,United States,anonymous,no,yes,20 secs ago
54.193.86.81,3128,US,United States,elite proxy,no,yes,10 mins ago
35.154.21.111,3128,IN,India,elite proxy,no,yes,10 mins ago
72.10.160.91,18031,CA,Canada,elite proxy,no,yes,10 mins ago
51.145.176.250,8080,NL,Netherlands,anonymous,no,yes,10 mins ago
8.219.97.248,80,SG,Singapore,anonymous,no,yes,10 mins ago
4.144.136.15,80,SG,Singapore,anonymous,no,yes,20 mins ago
187.40.1.123,128,BR,Brazil,anonymous,no,yes,20 mins ago
20.44.190.150,3129,JP,Japan,anonymous,no,yes,30 mins ago
114.129.2.82,8081,JP,Japan,elite proxy,no,yes,30 mins ago
185.217.136.67,1337,VG,"Virgin Islands, British",anonymous,no,yes,30 mins ago
8.222.152.158,55555,SG,Singapore,elite proxy,no,yes,30 mins ago
67.43.236.20,16829,CA,Canada,elite proxy,yes,yes,40 mins ago
20.204.212.45,3129,IN,India,anonymous,no,yes,50 mins ago
72.10.160.93,25873,CA,Canada,elite proxy,yes,yes,50 mins ago
178.128.113.118,23128,SG,Singapore,anonymous,no,yes,1 hour ago
